op_setting_1,op_setting_2,sensor_2,sensor_3,sensor_4,sensor_7,sensor_8,sensor_9,sensor_11,sensor_12,sensor_13,sensor_14,sensor_15,sensor_17,sensor_20,sensor_21,sensor_2_roll_mean,sensor_2_baseline_drift,sensor_3_roll_mean,sensor_3_baseline_drift,sensor_4_roll_mean,sensor_4_baseline_drift,sensor_7_roll_mean,sensor_7_baseline_drift,sensor_8_roll_mean,sensor_8_baseline_drift,sensor_9_roll_mean,sensor_9_baseline_drift,sensor_11_roll_mean,sensor_11_baseline_drift,sensor_12_roll_mean,sensor_12_baseline_drift,sensor_13_roll_mean,sensor_13_baseline_drift,sensor_14_roll_mean,sensor_14_baseline_drift,sensor_15_roll_mean,sensor_15_baseline_drift,sensor_17_roll_mean,sensor_17_baseline_drift,sensor_20_roll_mean,sensor_20_baseline_drift,sensor_21_roll_mean,sensor_21_baseline_drift,cycle,true_RUL
0.0007,-0.0004,642.23,1586.9,1395.19,554.57,2388.0,9074.23,47.13,521.9,2388.04,8149.13,8.4134,393,39.04,23.3448,642.23,0.023999999999887223,1586.9,3.6230000000000473,1395.19,-3.5869999999997617,554.57,0.10000000000002274,2388.0,-0.012999999999919964,9074.23,7.744999999998981,47.13,-0.09799999999999898,521.9,-0.3430000000000746,2388.04,0.028999999999996362,8149.13,2.713999999999942,8.4134,0.011609999999999232,393.0,0.6999999999999886,39.04,0.04000000000000625,23.3448,-0.05862000000000478,1,132
-0.0041,-0.0004,642.62,1576.4,1402.74,554.63,2388.04,9059.61,47.33,522.25,2387.94,8140.42,8.3985,392,39.06,23.3568,642.425,0.4139999999998736,1581.65,-6.876999999999953,1398.9650000000001,3.963000000000193,554.6,0.15999999999996817,2388.02,0.027000000000043656,9066.92,-6.875,47.230000000000004,0.10199999999999676,522.075,0.006999999999948159,2387.99,-0.07099999999991269,8144.775,-5.996000000000095,8.40595,-0.003289999999999793,392.5,-0.30000000000001137,39.05,0.06000000000000938,23.3508,-0.046620000000004325,2,131
0.003,-0.0002,642.13,1579.88,1403.75,555.12,2388.0,9065.54,47.01,522.41,2387.96,8141.15,8.3775,391,39.08,23.4489,642.3266666666667,-0.07600000000013551,1581.0600000000002,-3.3969999999999345,1400.5600000000002,4.973000000000184,554.7733333333334,0.6499999999999773,2388.0133333333333,-0.012999999999919964,9066.460000000001,-0.944999999999709,47.156666666666666,-0.21800000000000352,522.1866666666666,0.16699999999991633,2387.98,-0.05099999999993088,8143.566666666667,-5.266000000000531,8.396466666666667,-0.02429000000000059,392.0,-1.3000000000000114,39.06,0.0800000000000054,23.383499999999998,0.04547999999999419,3,130
-0.0048,0.0004,641.94,1585.59,1399.06,553.87,2388.05,9066.36,47.32,522.13,2388.07,8146.09,8.3814,393,38.96,23.4565,642.23,-0.2660000000000764,1582.1925,2.3129999999998745,1400.185,0.28300000000012915,554.5475,-0.6000000000000227,2388.0225,0.037000000000261934,9066.435000000001,-0.125,47.1975,0.09199999999999875,522.1725,-0.11300000000005639,2388.0025,0.05900000000019645,8144.1975,-0.32600000000002183,8.3927,-0.020390000000000796,392.25,0.6999999999999886,39.035,-0.03999999999999204,23.40175,0.05307999999999424,4,129
-0.0014,0.0003,642.33,1582.61,1402.02,554.18,2387.99,9065.38,47.26,522.23,2388.05,8150.46,8.4259,393,38.97,23.3242,642.25,0.12399999999990996,1582.276,-0.6670000000001437,1400.5520000000001,3.2430000000001655,554.4739999999999,-0.2900000000000773,2388.016,-0.023000000000138243,9066.224,-1.1050000000013824,47.21,0.031999999999996476,522.184,-0.013000000000033651,2388.012,0.03900000000021464,8145.45,4.043999999999869,8.399339999999999,0.024110000000000298,392.4,0.6999999999999886,39.022000000000006,-0.02999999999999403,23.386239999999997,-0.07922000000000295,5,128
0.0,0.0004,642.1,1582.92,1390.88,554.41,2388.05,9063.68,47.08,522.05,2388.06,8148.8,8.3922,392,39.0,23.4349,642.2239999999999,-0.10600000000010823,1581.48,-0.3569999999999709,1399.69,-7.896999999999707,554.442,-0.06000000000005912,2388.0260000000003,0.037000000000261934,9064.114,-2.805000000000291,47.2,-0.14800000000000324,522.2139999999999,-0.19300000000009732,2388.016,0.04899999999997817,8145.384,2.3840000000000146,8.3951,-0.009589999999999321,392.2,-0.30000000000001137,39.013999999999996,7.105427357601002e-15,23.40426,0.031479999999994845,6,127
-0.0004,0.0004,642.15,1586.81,1400.13,554.46,2388.0,9069.35,47.35,522.22,2388.0,8142.92,8.4032,392,38.99,23.4502,642.13,-0.056000000000153705,1583.562,3.5329999999999018,1399.1680000000001,1.3530000000002929,554.408,-0.009999999999990905,2388.018,-0.012999999999919964,9066.062000000002,2.8649999999997817,47.20399999999999,0.12199999999999989,522.208,-0.023000000000024556,2388.0280000000002,-0.010999999999967258,8145.884,-3.4960000000000946,8.39604,0.0014099999999999113,392.2,-0.30000000000001137,39.0,-0.009999999999990905,23.42294,0.046779999999994715,7,126
0.0011,-0.0003,642.27,1582.72,1402.36,554.11,2387.99,9069.97,47.18,522.52,2388.02,8146.85,8.4173,393,38.97,23.387,642.158,0.06399999999985084,1584.1299999999999,-0.5570000000000164,1398.8899999999999,3.5830000000000837,554.2059999999999,-0.36000000000001364,2388.0159999999996,-0.023000000000138243,9066.948,3.484999999998763,47.238,-0.04800000000000182,522.23,0.27699999999992997,2388.04,0.009000000000014552,8147.024,0.43400000000019645,8.404,0.015509999999999025,392.6,0.6999999999999886,38.977999999999994,-0.02999999999999403,23.41056,-0.016420000000003654,8,125
-0.0016,-0.0001,642.19,1586.36,1399.04,554.68,2388.04,9068.38,47.27,522.13,2388.0,8148.79,8.4261,393,38.97,23.4,642.208,-0.016000000000076398,1584.284,3.0829999999998563,1398.886,0.26300000000014734,554.368,0.2099999999999227,2388.014,0.027000000000043656,9067.352,1.8949999999986176,47.228,0.04200000000000159,522.2299999999999,-0.11300000000005639,2388.0260000000003,-0.010999999999967258,8147.564,2.3739999999997963,8.41294,0.024309999999999832,392.6,0.6999999999999886,38.980000000000004,-0.02999999999999403,23.399259999999998,-0.0034200000000055297,9,124
-0.0005,-0.0004,642.1,1582.58,1392.6,554.67,2387.97,9062.35,47.35,522.59,2387.97,8149.55,8.3824,391,38.96,23.4309,642.162,-0.10600000000010823,1584.2779999999998,-0.6970000000001164,1397.002,-6.176999999999907,554.466,0.1999999999999318,2388.0099999999998,-0.04300000000012005,9066.746,-4.135000000000218,47.245999999999995,0.12199999999999989,522.3019999999999,0.34699999999998,2388.01,-0.04100000000016735,8147.3820000000005,3.1340000000000146,8.40424,-0.019389999999999574,392.2,-1.3000000000000114,38.978,-0.03999999999999204,23.4206,0.027479999999997062,10,123
-0.001,-0.0004,641.7,1579.91,1396.98,554.56,2387.96,9066.88,47.11,522.17,2388.01,8148.8,8.4041,392,39.01,23.3784,642.082,-0.5060000000000855,1583.676,-3.366999999999962,1398.222,-1.796999999999798,554.496,0.08999999999991815,2387.992,-0.052999999999883585,9067.385999999999,0.39499999999861757,47.251999999999995,-0.1180000000000021,522.326,-0.07300000000009277,2388.0,-0.0009999999997489795,8147.3820000000005,2.3840000000000146,8.40662,0.00230999999999959,392.2,-0.30000000000001137,38.98,0.010000000000005116,23.4093,-0.025020000000004927,11,122
0.0025,0.0005,642.07,1585.34,1397.62,554.18,2387.99,9063.12,47.09,522.06,2388.03,8150.14,8.4072,392,39.2,23.3261,642.066,-0.13600000000008095,1583.382,2.0629999999998745,1397.7199999999998,-1.1569999999999254,554.4399999999999,-0.2900000000000773,2387.99,-0.023000000000138243,9066.14,-3.3649999999997817,47.2,-0.13799999999999812,522.294,-0.1830000000001064,2388.006,0.01900000000023283,8148.825999999999,3.72400000000016,8.40742,0.005409999999999471,392.2,-0.30000000000001137,39.022000000000006,0.20000000000000995,23.38448,-0.07732000000000383,12,121
0.0025,0.0005,642.06,1574.08,1399.29,554.69,2388.02,9066.98,47.16,522.57,2388.03,8150.27,8.3716,391,39.22,23.5042,642.0240000000001,-0.14600000000018554,1581.654,-9.197000000000116,1397.106,0.5130000000001473,554.5559999999999,0.22000000000002728,2387.996,0.007000000000061846,9065.542,0.49499999999898137,47.196000000000005,-0.06800000000000495,522.304,0.3269999999999982,2388.008,0.01900000000023283,8149.51,3.854000000000269,8.39828,-0.030189999999999273,391.8,-1.3000000000000114,39.072,0.22000000000000597,23.407919999999997,0.10077999999999676,13,120
0.0019,0.0002,642.13,1588.09,1397.03,553.81,2387.98,9062.9,47.34,521.73,2388.03,8146.99,8.399,392,39.0,23.3668,642.0120000000001,-0.07600000000013551,1581.9999999999998,4.8129999999998745,1396.704,-1.7469999999998436,554.382,-0.6600000000000819,2387.984,-0.032999999999901775,9064.446,-3.585000000000946,47.21,0.11200000000000188,522.224,-0.5130000000000337,2388.014,0.01900000000023283,8149.15,0.5739999999996144,8.392859999999999,-0.0027900000000009584,391.6,-0.30000000000001137,39.078,7.105427357601002e-15,23.401280000000003,-0.03662000000000276,14,119
-0.001,0.0004,641.79,1581.26,1400.05,554.18,2388.01,9063.15,47.12,522.77,2388.04,8147.76,8.4119,393,38.99,23.3762,641.95,-0.41600000000016735,1581.736,-2.0170000000000528,1398.194,1.2730000000001382,554.284,-0.2900000000000773,2387.992,-0.0029999999997016857,9064.606,-3.335000000000946,47.164,-0.10800000000000409,522.26,0.52699999999993,2388.028,0.028999999999996362,8148.7919999999995,1.344000000000051,8.39876,0.010109999999999175,392.0,0.6999999999999886,39.084,-0.009999999999990905,23.390340000000002,-0.027220000000003353,15,118
-0.001,-0.0003,642.15,1587.52,1398.55,554.35,2388.03,9073.89,47.22,522.32,2387.92,8144.25,8.4154,391,39.06,23.3766,642.04,-0.056000000000153705,1583.2579999999998,4.242999999999938,1398.508,-0.22699999999986176,554.242,-0.12000000000000455,2388.006,0.017000000000280124,9066.007999999998,7.404999999998836,47.18599999999999,-0.008000000000002672,522.29,0.07699999999999818,2388.0099999999998,-0.0909999999998945,8147.882,-2.1660000000001673,8.401019999999999,0.0136099999999999,391.8,-1.3000000000000114,39.09400000000001,0.06000000000000938,23.38998,-0.026820000000004285,16,117
-0.0008,-0.0001,642.49,1590.23,1398.77,553.91,2387.93,9061.88,47.15,522.22,2388.06,8149.03,8.4229,393,38.95,23.3045,642.124,0.2839999999998781,1584.2359999999999,6.9529999999999745,1398.7379999999998,-0.006999999999834472,554.1879999999999,-0.5600000000000591,2387.9939999999997,-0.08300000000008367,9065.76,-4.605000000001382,47.19799999999999,-0.07800000000000296,522.322,-0.023000000000024556,2388.0160000000005,0.04899999999997817,8147.660000000001,2.613999999999578,8.40416,0.021110000000000184,392.0,0.6999999999999886,39.044,-0.04999999999999005,23.38566,-0.09892000000000323,17,116
0.0024,0.0004,642.46,1589.65,1398.76,554.26,2387.96,9067.0,47.22,521.99,2388.05,8148.86,8.4009,390,39.11,23.3997,642.204,0.2539999999999054,1587.35,6.373000000000047,1398.632,-0.016999999999825377,554.1020000000001,-0.21000000000003638,2387.9820000000004,-0.052999999999883585,9065.764,0.5149999999994179,47.209999999999994,-0.008000000000002672,522.2059999999999,-0.25300000000004275,2388.02,0.03900000000021464,8147.378,2.4439999999995052,8.41002,-0.0008900000000000574,391.8,-2.3000000000000114,39.022000000000006,0.11000000000000654,23.36476,-0.0037200000000048306,18,115
0.0011,-0.0,642.3,1582.63,1397.6,554.1,2387.95,9060.38,47.33,522.2,2388.02,8150.3,8.4124,391,39.17,23.395,642.238,0.09399999999982356,1586.2580000000003,-0.6469999999999345,1398.7459999999999,-1.1769999999999072,554.16,-0.37000000000000455,2387.9759999999997,-0.06300000000010186,9065.26,-6.105000000001382,47.20799999999999,0.10199999999999676,522.3,-0.043000000000006366,2388.018,0.009000000000014552,8148.039999999999,3.8840000000000146,8.4127,0.010609999999999786,391.6,-1.3000000000000114,39.056,0.1700000000000088,23.370399999999997,-0.008420000000004535,19,114
-0.0015,0.0001,642.28,1586.67,1404.41,554.93,2387.97,9067.33,47.4,522.39,2388.01,8144.85,8.4087,392,38.95,23.3442,642.336,0.07399999999984175,1587.3400000000001,3.393000000000029,1399.618,5.633000000000266,554.31,0.4599999999999227,2387.968,-0.04300000000012005,9066.096,0.8449999999993452,47.263999999999996,0.17199999999999704,522.2239999999999,0.14699999999993452,2388.0119999999997,-0.0009999999997489795,8147.4580000000005,-1.5659999999998035,8.41206,0.006909999999999528,391.4,-0.30000000000001137,39.048,-0.04999999999999005,23.363999999999997,-0.05922000000000338,20,113
0.0035,0.0001,642.41,1587.14,1400.71,553.88,2388.0,9069.9,47.38,521.84,2388.03,8147.76,8.4039,391,38.92,23.4253,642.388,0.2039999999998372,1587.264,3.8630000000000564,1400.05,1.93300000000022,554.216,-0.5900000000000318,2387.9620000000004,-0.012999999999919964,9065.297999999999,3.414999999999054,47.29600000000001,0.15200000000000102,522.128,-0.40300000000002,2388.034,0.01900000000023283,8148.160000000001,1.344000000000051,8.40976,0.0021100000000000563,391.4,-1.3000000000000114,39.02,-0.07999999999999119,23.37374,0.021879999999995903,21,112
-0.0031,-0.0002,642.2,1581.03,1398.67,554.69,2387.97,9063.1,47.26,521.94,2387.98,8150.71,8.4132,392,39.14,23.3711,642.3299999999999,-0.0060000000000854925,1585.4240000000002,-2.247000000000071,1400.0300000000002,-0.10699999999974352,554.3720000000001,0.22000000000002728,2387.9700000000003,-0.04300000000012005,9065.542000000001,-3.3850000000002183,47.318,0.031999999999996476,522.072,-0.30299999999999727,2388.018,-0.03099999999994907,8148.496000000001,4.293999999999869,8.407820000000001,0.011409999999999698,391.2,-0.30000000000001137,39.05800000000001,0.14000000000000767,23.387059999999998,-0.03232000000000568,22,111
-0.0009,-0.0,642.39,1589.86,1394.94,554.35,2388.07,9065.3,47.32,521.95,2387.94,8142.82,8.3811,391,39.06,23.5052,642.316,0.1839999999998554,1585.4660000000001,6.582999999999856,1399.266,-3.8369999999997617,554.39,-0.12000000000000455,2387.9919999999997,0.057000000000243745,9065.202000000001,-1.1850000000013097,47.338,0.09199999999999875,522.064,-0.29300000000000637,2387.996,-0.07099999999991269,8147.2880000000005,-3.5960000000004584,8.403859999999998,-0.020690000000000097,391.4,-1.3000000000000114,39.048,0.06000000000000938,23.40816,0.10177999999999443,23,110
0.0044,0.0003,642.02,1588.03,1398.53,554.54,2388.0,9064.55,47.12,522.39,2388.04,8141.81,8.4176,393,39.04,23.374,642.26,-0.18600000000014916,1586.546,4.752999999999929,1399.452,-0.24699999999984357,554.478,0.06999999999993634,2388.002,-0.012999999999919964,9066.035999999998,-1.9350000000013097,47.29600000000001,-0.10800000000000409,522.1020000000001,0.14699999999993452,2388.0,0.028999999999996362,8145.589999999999,-4.605999999999767,8.4049,0.015810000000000102,391.8,0.6999999999999886,39.022000000000006,0.04000000000000625,23.40396,-0.02942000000000533,24,109
-0.0031,-0.0003,642.57,1584.97,1403.57,555.02,2387.99,9069.51,47.07,522.05,2388.05,8154.04,8.4065,392,39.11,23.3318,642.318,0.36399999999991905,1586.206,1.6929999999999836,1399.284,4.79300000000012,554.496,0.5499999999999545,2388.0060000000003,-0.023000000000138243,9066.471999999998,3.024999999999636,47.230000000000004,-0.15800000000000125,522.034,-0.19300000000009732,2388.0080000000003,0.03900000000021464,8147.428,7.623999999999796,8.40446,0.004709999999999326,391.8,-0.30000000000001137,39.054,0.11000000000000654,23.40148,-0.0716200000000029,25,108
0.0014,-0.0002,642.3,1587.59,1396.92,554.05,2388.01,9067.61,47.17,522.07,2387.94,8143.29,8.3739,392,39.09,23.3746,642.296,0.09399999999982356,1586.2959999999998,4.3129999999998745,1398.526,-1.8569999999997435,554.53,-0.42000000000007276,2388.008,-0.0029999999997016857,9066.014,1.125,47.188,-0.05799999999999983,522.08,-0.17300000000000182,2387.9900000000002,-0.07099999999991269,8146.534,-3.1260000000002037,8.39846,-0.027889999999999304,392.0,-0.30000000000001137,39.088,0.09000000000001052,23.39134,-0.028820000000003176,26,107
0.0001,-0.0004,642.47,1580.86,1402.83,554.07,2387.91,9069.7,47.18,522.28,2387.96,8143.25,8.4333,391,39.05,23.3796,642.35,0.2639999999998963,1586.262,-2.4170000000001437,1399.358,4.053000000000111,554.406,-0.39999999999997726,2387.996,-0.10300000000006548,9067.334,3.2150000000001455,47.172,-0.04800000000000182,522.1479999999999,0.036999999999920874,2387.986,-0.05099999999993088,8145.0419999999995,-3.1660000000001673,8.40248,0.03150999999999904,391.8,-1.3000000000000114,39.07000000000001,0.05000000000000426,23.39304,-0.02382000000000417,27,106
-0.0048,-0.0004,641.97,1584.02,1399.7,555.81,2388.03,9068.45,47.27,522.56,2388.01,8147.06,8.4123,391,38.95,23.3691,642.266,-0.23600000000010368,1585.0939999999998,0.7429999999999382,1400.31,0.9230000000002292,554.698,1.3399999999999181,2387.9880000000003,0.017000000000280124,9067.964,1.9650000000001455,47.162,0.04200000000000159,522.2700000000001,0.3169999999998936,2388.0,-0.0009999999997489795,8145.890000000001,0.6440000000002328,8.408719999999999,0.01051000000000002,391.8,-1.3000000000000114,39.048,-0.04999999999999005,23.365820000000003,-0.03432000000000457,28,105
-0.0003,0.0001,642.13,1581.64,1396.24,554.5,2388.01,9067.86,47.18,522.13,2388.01,8152.45,8.4234,390,39.09,23.5158,642.288,-0.07600000000013551,1583.816,-1.6369999999999436,1399.852,-2.536999999999807,554.6899999999999,0.029999999999972715,2387.9900000000002,-0.0029999999997016857,9068.626,1.375,47.174,-0.04800000000000182,522.218,-0.11300000000005639,2387.994,-0.0009999999997489795,8148.017999999999,6.033999999999651,8.409880000000001,0.021610000000000795,391.2,-2.3000000000000114,39.058,0.09000000000001052,23.39418,0.1123799999999946,29,104
-0.0002,0.0002,642.49,1579.42,1403.77,553.96,2388.04,9070.55,47.15,522.53,2388.03,8150.62,8.3977,392,38.77,23.411,642.2719999999999,0.2839999999998781,1582.706,-3.856999999999971,1399.892,4.9930000000001655,554.4780000000001,-0.5099999999999909,2388.0,0.027000000000043656,9068.834,4.06499999999869,47.19,-0.07800000000000296,522.3140000000001,0.2869999999999209,2387.9900000000002,0.01900000000023283,8147.334,4.2039999999997235,8.40812,-0.004089999999999705,391.2,-0.30000000000001137,38.99,-0.22999999999998977,23.41002,0.007579999999997256,30,103
-0.0009,-0.0,642.68,1591.67,1392.27,554.45,2388.08,9058.99,47.34,522.54,2388.04,8148.48,8.4386,392,39.04,23.3121,642.348,0.473999999999819,1583.5220000000002,8.393000000000029,1398.962,-6.5069999999998345,554.558,-0.01999999999998181,2388.014,0.06700000000000728,9067.11,-7.4950000000008,47.224000000000004,0.11200000000000188,522.408,0.2969999999999118,2388.01,0.028999999999996362,8148.372,2.063999999999396,8.42106,0.03680999999999912,391.2,-0.30000000000001137,38.980000000000004,0.04000000000000625,23.39752,-0.09132000000000318,31,102
0.0024,-0.0004,641.88,1584.51,1393.84,554.19,2388.03,9070.43,47.48,522.0,2388.04,8148.96,8.3887,391,39.19,23.5198,642.2299999999999,-0.3260000000001355,1584.252,1.2329999999999472,1397.164,-4.936999999999898,554.5820000000001,-0.2799999999999727,2388.038,0.017000000000280124,9067.256,3.944999999999709,47.284000000000006,0.25199999999999534,522.3520000000001,-0.24300000000005184,2388.0260000000003,0.028999999999996362,8149.514,2.543999999999869,8.412139999999999,-0.013090000000000046,391.2,-1.3000000000000114,39.007999999999996,0.19000000000000483,23.42556,0.11637999999999593,32,101
0.0016,0.0004,641.88,1578.03,1398.63,554.47,2388.04,9062.33,47.28,521.96,2388.02,8146.74,8.3727,394,38.94,23.4055,642.212,-0.3260000000001355,1583.054,-5.247000000000071,1396.95,-0.14699999999970714,554.3140000000001,0.0,2388.04,0.027000000000043656,9066.032000000001,-4.155000000000655,47.286,0.0519999999999996,522.232,-0.28300000000001546,2388.028,0.009000000000014552,8149.45,0.3239999999996144,8.404219999999999,-0.02909000000000006,391.8,1.6999999999999886,39.006,-0.05999999999999517,23.43284,0.002079999999995863,33,100
0.001,0.0001,641.96,1591.52,1395.26,554.29,2387.99,9060.28,47.16,522.52,2388.03,8150.77,8.4357,392,38.9,23.3677,642.178,-0.2460000000000946,1585.03,8.242999999999938,1396.7540000000001,-3.5169999999998254,554.2720000000002,-0.18000000000006366,2388.036,-0.023000000000138243,9064.516,-6.204999999999927,47.282,-0.06800000000000495,522.3100000000001,0.27699999999992997,2388.032,0.01900000000023283,8149.114,4.354000000000269,8.40668,0.03391000000000055,392.2,-0.30000000000001137,38.968,-0.09999999999999432,23.403219999999997,-0.03572000000000486,34,99
0.0014,0.0005,642.38,1578.88,1400.35,554.41,2388.04,9068.36,47.3,522.11,2388.01,8149.98,8.4128,394,38.91,23.3101,642.1560000000001,0.17399999999986449,1584.922,-4.3969999999999345,1396.07,1.5730000000000928,554.3620000000001,-0.06000000000005912,2388.036,0.027000000000043656,9064.078,1.875,47.312,0.07199999999999562,522.226,-0.1330000000000382,2388.028,-0.0009999999997489795,8148.986,3.563999999999396,8.4097,0.01101000000000063,392.6,1.6999999999999886,38.995999999999995,-0.0899999999999963,23.38304,-0.09332000000000562,35,98
0.0003,-0.0003,642.2,1583.05,1403.78,554.61,2388.0,9069.23,47.13,522.2,2388.02,8148.98,8.4285,392,38.97,23.4196,642.0600000000001,-0.0060000000000854925,1583.1979999999999,-0.22700000000008913,1398.372,5.003000000000156,554.394,0.13999999999998636,2388.02,-0.012999999999919964,9066.126,2.7449999999989814,47.269999999999996,-0.09799999999999898,522.158,-0.043000000000006366,2388.0240000000003,0.009000000000014552,8149.086,2.563999999999396,8.407680000000001,0.026709999999999567,392.6,-0.30000000000001137,38.982,-0.02999999999999403,23.404539999999997,0.016179999999994976,36,97
0.0016,-0.0003,641.84,1583.19,1399.54,554.51,2387.99,9072.41,47.3,521.67,2387.97,8150.58,8.4346,394,38.98,23.4197,642.052,-0.36600000000009913,1582.934,-0.08699999999998909,1399.512,0.7630000000001473,554.458,0.03999999999996362,2388.0119999999997,-0.023000000000138243,9066.522,5.924999999999272,47.233999999999995,0.07199999999999562,522.092,-0.5730000000000928,2388.0099999999998,-0.04100000000016735,8149.410000000001,4.16399999999976,8.41686,0.03280999999999956,393.2,1.6999999999999886,38.94,-0.01999999999999602,23.38452,0.016279999999994743,37,96
0.0005,-0.0003,642.52,1583.98,1400.37,554.52,2388.01,9062.14,47.28,522.28,2388.06,8147.37,8.4223,393,39.05,23.446,642.1800000000001,0.31399999999985084,1584.124,0.7029999999999745,1399.86,1.5930000000000746,554.468,0.049999999999954525,2388.0060000000003,-0.0029999999997016857,9066.484,-4.345000000001164,47.233999999999995,0.0519999999999996,522.156,0.036999999999920874,2388.018,0.04899999999997817,8149.536,0.9539999999997235,8.426779999999999,0.020509999999999806,393.0,0.6999999999999886,38.962,0.05000000000000426,23.39262,0.0425799999999974,38,95
-0.0027,-0.0001,642.26,1582.15,1393.97,553.66,2388.01,9069.3,47.41,521.99,2388.05,8148.24,8.3944,392,39.08,23.3077,642.24,0.05399999999985994,1582.2500000000002,-1.1269999999999527,1399.6019999999999,-4.806999999999789,554.342,-0.8100000000000591,2388.01,-0.0029999999997016857,9068.288,2.8149999999986903,47.284,0.18199999999999505,522.05,-0.25300000000004275,2388.022,0.03900000000021464,8149.030000000001,1.8239999999996144,8.418520000000001,-0.007390000000000896,393.0,-0.30000000000001137,38.998,0.0800000000000054,23.38062,-0.09572000000000358,39,94
-0.0013,-0.0001,642.03,1581.69,1410.35,554.38,2387.97,9059.72,47.26,522.78,2387.97,8151.55,8.4029,390,38.9,23.3376,642.17,-0.17600000000015825,1582.8120000000001,-1.586999999999989,1401.602,11.573000000000093,554.336,-0.09000000000003183,2387.996,-0.04300000000012005,9066.56,-6.765000000001237,47.275999999999996,0.031999999999996476,522.184,0.5369999999999209,2388.014,-0.04100000000016735,8149.344,5.1340000000000146,8.416540000000001,0.0011100000000006105,392.2,-2.3000000000000114,38.995999999999995,-0.09999999999999432,23.38612,-0.06582000000000576,40,93
0.0007,0.0005,642.17,1583.77,1407.67,554.36,2388.01,9069.2,47.11,522.13,2388.05,8149.34,8.4343,392,39.04,23.3171,642.164,-0.036000000000171894,1582.9560000000001,0.49299999999993815,1402.3799999999999,8.893000000000256,554.286,-0.11000000000001364,2387.998,-0.0029999999997016857,9066.554,2.7150000000001455,47.272000000000006,-0.1180000000000021,522.17,-0.11300000000005639,2388.02,0.03900000000021464,8149.416,2.923999999999978,8.4177,0.03251000000000026,392.2,-0.30000000000001137,39.01,0.04000000000000625,23.36562,-0.08632000000000417,41,92
0.0047,0.0002,642.26,1595.4,1398.32,554.38,2388.04,9067.79,47.3,521.41,2388.03,8151.02,8.4739,392,39.11,23.3418,642.2479999999999,0.05399999999985994,1585.398,12.123000000000047,1402.136,-0.45699999999987995,554.26,-0.09000000000003183,2388.0080000000003,0.027000000000043656,9065.630000000001,1.305000000000291,47.272,0.07199999999999562,522.1179999999999,-0.8330000000000837,2388.032,0.01900000000023283,8149.503999999999,4.604000000000269,8.425559999999999,0.07211000000000034,391.8,-0.30000000000001137,39.036,0.11000000000000654,23.35004,-0.06162000000000489,42,91
0.0005,0.0003,642.45,1590.44,1393.57,554.19,2388.02,9068.69,47.34,522.33,2388.01,8147.73,8.4092,391,39.11,23.4201,642.234,0.2439999999999145,1586.69,7.163000000000011,1400.7759999999998,-5.20699999999988,554.1940000000001,-0.2799999999999727,2388.0099999999998,0.007000000000061846,9066.939999999999,2.2049999999999272,47.284,0.11200000000000188,522.128,0.08699999999998909,2388.022,-0.0009999999997489795,8149.575999999999,1.313999999999396,8.42294,0.007410000000000139,391.4,-1.3000000000000114,39.047999999999995,0.11000000000000654,23.34486,0.016679999999997364,43,90
-0.002,0.0005,642.24,1585.19,1399.8,554.71,2388.01,9065.81,47.3,522.68,2388.03,8146.22,8.4485,392,38.99,23.5409,642.2299999999999,0.03399999999987813,1587.298,1.913000000000011,1401.942,1.0230000000001382,554.4040000000001,0.2400000000000091,2388.0099999999998,-0.0029999999997016857,9066.242,-0.6750000000010914,47.262,0.07199999999999562,522.266,0.43699999999989814,2388.018,0.01900000000023283,8149.1720000000005,-0.1959999999999127,8.43376,0.04670999999999914,391.4,-0.30000000000001137,39.03,-0.009999999999990905,23.3915,0.1374799999999965,44,89
-0.0012,0.0005,641.95,1585.09,1400.81,554.66,2388.02,9063.06,47.27,522.25,2388.09,8145.68,8.3787,392,39.0,23.3538,642.214,-0.2560000000000855,1587.978,1.8129999999998745,1400.034,2.033000000000129,554.46,0.18999999999994088,2388.02,0.007000000000061846,9066.91,-3.4250000000010914,47.263999999999996,0.04200000000000159,522.1600000000001,0.006999999999948159,2388.0420000000004,0.07900000000017826,8147.998,-0.7359999999998763,8.428920000000002,-0.023089999999999833,391.8,-0.30000000000001137,39.05,7.105427357601002e-15,23.39474,-0.04962000000000444,45,88
-0.0011,0.0001,642.35,1579.22,1402.4,554.24,2388.03,9065.4,47.35,521.94,2387.97,8147.44,8.3944,392,38.87,23.4336,642.25,0.14399999999989177,1587.068,-4.057000000000016,1398.98,3.6230000000002747,554.4359999999999,-0.2300000000000182,2388.0240000000003,0.017000000000280124,9066.15,-1.0850000000009459,47.312,0.12199999999999989,522.1220000000001,-0.30299999999999727,2388.0260000000003,-0.04100000000016735,8147.618,1.0239999999994325,8.42094,-0.007390000000000896,391.8,-0.30000000000001137,39.016000000000005,-0.12999999999999545,23.418039999999998,0.030179999999994322,46,87
-0.004,-0.0001,641.53,1582.63,1395.86,554.3,2388.0,9059.28,47.13,522.17,2388.04,8145.18,8.4175,393,38.9,23.4104,642.104,-0.6760000000001583,1584.5140000000001,-0.6469999999999345,1398.4879999999998,-2.9169999999999163,554.4200000000001,-0.17000000000007276,2388.016,-0.012999999999919964,9064.448,-7.204999999999927,47.278000000000006,-0.09799999999999898,522.274,-0.07300000000009277,2388.0280000000002,0.028999999999996362,8146.45,-1.2359999999998763,8.409659999999999,0.015710000000000335,392.0,0.6999999999999886,38.974000000000004,-0.09999999999999432,23.431760000000004,0.006979999999995101,47,86
-0.0015,0.0002,642.03,1583.99,1392.61,553.88,2387.99,9063.66,47.35,522.83,2388.01,8148.46,8.4315,394,39.01,23.3557,642.02,-0.17600000000015825,1583.224,0.7129999999999654,1398.2959999999998,-6.166999999999916,554.358,-0.5900000000000318,2388.01,-0.023000000000138243,9063.442000000001,-2.8250000000007276,47.28,0.12199999999999989,522.374,0.5869999999999891,2388.0280000000002,-0.0009999999997489795,8146.5960000000005,2.043999999999869,8.41412,0.02970999999999968,392.6,1.6999999999999886,38.954,0.010000000000005116,23.41888,-0.047720000000005314,48,85
-0.0011,0.0003,642.49,1583.63,1405.08,553.93,2388.04,9069.46,47.09,521.95,2388.0,8146.95,8.3706,391,38.89,23.3401,642.07,0.2839999999998781,1582.912,0.3530000000000655,1399.352,6.303000000000111,554.202,-0.5400000000000773,2388.0160000000005,0.027000000000043656,9064.172,2.974999999998545,47.238,-0.13799999999999812,522.228,-0.29300000000000637,2388.022,-0.010999999999967258,8146.742,0.5339999999996508,8.39854,-0.031190000000000495,392.4,-1.3000000000000114,38.934,-0.10999999999999233,23.378719999999998,-0.06332000000000448,49,84
0.0003,0.0004,641.99,1591.78,1402.52,554.4,2388.04,9062.47,47.37,522.36,2388.03,8150.48,8.4071,391,38.88,23.3568,642.078,-0.21600000000012187,1584.25,8.502999999999929,1399.694,3.7430000000001655,554.15,-0.07000000000005002,2388.02,0.027000000000043656,9064.054,-4.015000000001237,47.258,0.1419999999999959,522.25,0.1169999999999618,2388.01,0.01900000000023283,8147.702,4.063999999999396,8.404219999999999,0.005309999999999704,392.2,-1.3000000000000114,38.910000000000004,-0.11999999999999034,23.37932,-0.046620000000004325,50,83
-0.0022,0.0001,642.03,1583.99,1408.2,554.46,2387.96,9061.96,47.36,522.13,2388.02,8149.31,8.4182,392,38.93,23.2808,642.0139999999999,-0.17600000000015825,1585.2040000000002,0.7129999999999654,1400.8539999999998,9.42300000000023,554.1940000000001,-0.009999999999990905,2388.006,-0.052999999999883585,9063.365999999998,-4.525000000001455,47.260000000000005,0.1319999999999979,522.288,-0.11300000000005639,2388.0200000000004,0.009000000000014552,8148.075999999999,2.894000000000233,8.40898,0.01641000000000048,392.2,-0.30000000000001137,38.922,-0.06999999999999318,23.34876,-0.12262000000000484,51,82
0.0032,0.0003,642.02,1581.09,1400.14,554.23,2387.99,9066.89,47.38,521.9,2387.95,8145.65,8.4046,392,38.93,23.4368,642.1120000000001,-0.18600000000014916,1584.896,-2.1870000000001255,1401.71,1.3630000000002838,554.18,-0.2400000000000091,2388.004,-0.023000000000138243,9064.887999999999,0.40499999999883585,47.31,0.15200000000000102,522.234,-0.3430000000000746,2388.002,-0.06100000000014916,8148.17,-0.7660000000005311,8.4064,0.0028100000000002012,392.0,-0.30000000000001137,38.928,-0.06999999999999318,23.354039999999998,0.03337999999999752,52,81
0.0041,0.0003,642.1,1589.78,1396.19,553.68,2387.99,9072.05,47.26,522.02,2388.01,8146.17,8.391,392,39.13,23.415,642.126,-0.10600000000010823,1586.054,6.502999999999929,1402.4260000000002,-2.5869999999997617,554.14,-0.7900000000000773,2388.004,-0.023000000000138243,9066.566,5.56499999999869,47.292,0.031999999999996476,522.0719999999999,-0.22300000000007003,2388.002,-0.0009999999997489795,8147.7119999999995,-0.2460000000000946,8.3983,-0.010790000000000077,391.6,-0.30000000000001137,38.952,0.13000000000000966,23.365900000000003,0.011579999999995039,53,80
-0.0019,0.0,642.37,1582.4,1396.04,554.35,2388.02,9061.72,47.15,522.21,2388.04,8147.56,8.4325,392,39.03,23.3571,642.1020000000001,0.16399999999987358,1585.808,-0.8769999999999527,1400.618,-2.7369999999998527,554.2239999999999,-0.12000000000000455,2387.9999999999995,0.007000000000061846,9065.018,-4.765000000001237,47.304,-0.07800000000000296,522.124,-0.03300000000001546,2388.0099999999998,0.028999999999996362,8147.834,1.1440000000002328,8.410680000000001,0.030709999999999127,391.8,-0.30000000000001137,38.980000000000004,0.030000000000008242,23.3693,-0.046320000000005024,54,79
-0.0017,0.0002,642.07,1591.89,1401.1,555.05,2388.0,9059.25,47.25,522.2,2388.01,8149.84,8.3735,391,38.95,23.3761,642.118,-0.13600000000008095,1585.8300000000002,8.613000000000056,1400.334,2.3230000000000928,554.354,0.5799999999999272,2387.9919999999997,-0.012999999999919964,9064.374,-7.235000000000582,47.28,0.021999999999998465,522.092,-0.043000000000006366,2388.006,-0.0009999999997489795,8147.706,3.423999999999978,8.403960000000001,-0.02829000000000015,391.8,-1.3000000000000114,38.994,-0.04999999999999005,23.373160000000002,-0.02732000000000312,55,78
0.0007,-0.0001,641.92,1590.63,1400.43,554.18,2388.02,9064.65,47.32,521.96,2388.01,8151.5,8.4284,392,38.85,23.3746,642.0960000000001,-0.2860000000001719,1587.158,7.3530000000000655,1398.7800000000002,1.6530000000002474,554.298,-0.2900000000000773,2388.004,0.007000000000061846,9064.912,-1.8350000000009459,47.272000000000006,0.09199999999999875,522.058,-0.28300000000001546,2388.004,-0.0009999999997489795,8148.144,5.083999999999833,8.406,0.0266099999999998,391.8,-0.30000000000001137,38.978,-0.14999999999999147,23.391920000000002,-0.028820000000003176,56,77
-0.0038,-0.0002,642.33,1582.41,1399.53,554.88,2388.02,9070.55,47.18,522.36,2388.02,8142.38,8.4117,393,39.04,23.3469,642.158,0.12399999999990996,1587.422,-0.8669999999999618,1398.658,0.7530000000001564,554.4280000000001,0.40999999999996817,2388.0099999999998,0.007000000000061846,9065.644,4.06499999999869,47.232,-0.04800000000000182,522.1500000000001,0.1169999999999618,2388.018,0.009000000000014552,8147.49,-4.036000000000058,8.40742,0.009909999999999641,392.0,0.6999999999999886,39.0,0.04000000000000625,23.37394,-0.05652000000000257,57,76
-0.0035,-0.0001,642.13,1581.61,1399.52,554.7,2387.97,9062.9,47.57,521.87,2388.04,8143.89,8.4012,392,38.8,23.4564,642.164,-0.07600000000013551,1585.788,-1.6670000000001437,1399.324,0.7430000000001655,554.632,0.2300000000000182,2388.0060000000003,-0.04300000000012005,9063.813999999998,-3.585000000000946,47.294,0.34199999999999875,522.1200000000001,-0.3730000000000473,2388.0240000000003,0.028999999999996362,8147.034,-2.52599999999984,8.40946,-0.0005900000000007566,392.0,-0.30000000000001137,38.934000000000005,-0.19999999999999574,23.38222,0.052979999999994476,58,75
0.0016,-0.0003,642.55,1584.65,1402.51,554.42,2388.0,9060.17,47.36,521.67,2388.02,8146.52,8.4482,393,39.07,23.3529,642.2,0.34399999999982356,1586.238,1.3730000000000473,1400.618,3.7330000000001746,554.646,-0.05000000000006821,2388.002,-0.012999999999919964,9063.503999999999,-6.315000000000509,47.336,0.1319999999999979,522.0120000000001,-0.5730000000000928,2388.0200000000004,0.009000000000014552,8146.826000000001,0.10400000000026921,8.4126,0.04640999999999984,392.2,0.6999999999999886,38.942,0.07000000000000739,23.38138,-0.05052000000000234,59,74
0.0021,0.0003,642.44,1588.3,1401.96,554.26,2388.03,9065.26,47.18,522.25,2388.02,8144.86,8.4174,394,38.93,23.3767,642.274,0.2339999999999236,1585.52,5.022999999999911,1400.79,3.18300000000022,554.488,-0.21000000000003638,2388.0080000000003,0.017000000000280124,9064.706,-1.2250000000003638,47.321999999999996,-0.04800000000000182,522.022,0.006999999999948159,2388.022,0.009000000000014552,8145.83,-1.5560000000004948,8.42138,0.015610000000000568,392.8,1.6999999999999886,38.938,-0.06999999999999318,23.3815,-0.026720000000004518,60,73
0.0009,-0.0003,642.32,1590.7,1401.17,554.69,2387.97,9067.21,47.35,522.07,2388.0,8144.2,8.406,391,38.9,23.3048,642.354,0.11399999999991905,1585.534,7.423000000000002,1400.9379999999999,2.3930000000002565,554.5899999999999,0.22000000000002728,2387.998,-0.04300000000012005,9065.217999999999,0.7249999999985448,47.327999999999996,0.12199999999999989,522.0440000000001,-0.17300000000000182,2388.0199999999995,-0.010999999999967258,8144.37,-2.2160000000003492,8.416900000000002,0.004210000000000491,392.6,-1.3000000000000114,38.948,-0.09999999999999432,23.367539999999998,-0.09862000000000393,61,72
-0.0025,0.0004,642.18,1582.34,1402.79,553.83,2388.04,9065.3,47.24,522.18,2388.0,8145.05,8.394,392,38.81,23.3274,642.324,-0.02600000000018099,1585.52,-0.9370000000001255,1401.59,4.013000000000147,554.3799999999999,-0.6399999999999864,2388.0019999999995,0.027000000000043656,9064.168,-1.1850000000013097,47.339999999999996,0.012000000000000455,522.008,-0.06300000000010186,2388.016,-0.010999999999967258,8144.9039999999995,-1.3659999999999854,8.41336,-0.007789999999999964,392.4,-0.30000000000001137,38.902,-0.18999999999999062,23.363639999999997,-0.07602000000000331,62,71
0.0002,-0.0003,642.41,1587.04,1397.66,553.94,2388.03,9065.27,47.38,521.77,2388.08,8143.56,8.457,393,38.88,23.3579,642.3799999999999,0.2039999999998372,1586.6060000000002,3.76299999999992,1401.218,-1.1169999999997344,554.2280000000001,-0.5299999999999727,2388.014,0.017000000000280124,9064.642000000002,-1.2150000000001455,47.302,0.15200000000000102,521.988,-0.47300000000007003,2388.024,0.06899999999995998,8144.838000000001,-2.855999999999767,8.424520000000001,0.05521000000000065,392.6,0.6999999999999886,38.918,-0.11999999999999034,23.343939999999996,-0.045520000000003336,63,70
-0.0006,0.0003,642.57,1587.16,1401.24,553.99,2388.07,9067.9,47.31,522.14,2388.05,8149.27,8.4102,392,39.0,23.3172,642.384,0.36399999999991905,1587.108,3.883000000000038,1400.9640000000002,2.463000000000193,554.142,-0.4800000000000182,2388.028,0.057000000000243745,9066.187999999998,1.4149999999990541,47.291999999999994,0.08200000000000074,522.082,-0.10300000000006548,2388.0299999999997,0.03900000000021464,8145.388000000001,2.854000000000269,8.416920000000001,0.008409999999999584,392.4,-0.30000000000001137,38.904,7.105427357601002e-15,23.3368,-0.0862200000000044,64,69
0.0,0.0002,642.27,1588.65,1397.07,553.87,2388.02,9064.08,47.46,522.2,2388.03,8146.77,8.4499,393,38.95,23.2909,642.35,0.06399999999985084,1587.1779999999999,5.373000000000047,1399.986,-1.70699999999988,554.0640000000001,-0.6000000000000227,2388.026,0.007000000000061846,9065.952,-2.405000000000655,47.348,0.23199999999999932,522.0719999999999,-0.043000000000006366,2388.032,0.01900000000023283,8145.7699999999995,0.3540000000002692,8.42342,0.04810999999999943,392.2,0.6999999999999886,38.908,-0.04999999999999005,23.31964,-0.1125200000000035,65,68
0.0,-0.0002,642.38,1591.57,1400.41,554.55,2388.04,9060.96,47.3,522.58,2388.03,8147.17,8.4362,391,39.09,23.4137,642.362,0.17399999999986449,1587.352,8.292999999999893,1399.834,1.6330000000002656,554.0360000000001,0.07999999999992724,2388.04,0.027000000000043656,9064.702000000001,-5.525000000001455,47.338,0.07199999999999562,522.1740000000001,0.3369999999999891,2388.038,0.01900000000023283,8146.364000000001,0.7539999999999054,8.42946,0.034409999999999386,392.2,-1.3000000000000114,38.946,0.09000000000001052,23.34142,0.010279999999994516,66,67
-0.001,-0.0004,642.55,1586.89,1392.12,554.59,2388.04,9063.69,47.29,522.89,2388.02,8148.24,8.3717,390,38.89,23.3446,642.4359999999999,0.34399999999982356,1588.262,3.6130000000000564,1397.7,-6.656999999999925,554.1880000000001,0.12000000000000455,2388.04,0.027000000000043656,9064.380000000001,-2.7950000000000728,47.348,0.06199999999999761,522.316,0.6469999999999345,2388.0420000000004,0.009000000000014552,8147.002,1.8239999999996144,8.425,-0.030089999999999506,391.8,-2.3000000000000114,38.962,-0.10999999999999233,23.34486,-0.05882000000000431,67,66
0.002,-0.0003,642.35,1586.01,1392.93,554.02,2388.05,9071.1,47.41,522.28,2388.02,8144.8,8.4248,392,39.06,23.3743,642.424,0.14399999999989177,1588.056,2.7329999999999472,1396.7540000000001,-5.846999999999753,554.204,-0.4500000000000455,2388.0440000000003,0.037000000000261934,9065.546,4.614999999999782,47.354,0.18199999999999505,522.418,0.036999999999920874,2388.03,0.009000000000014552,8147.25,-1.6159999999999854,8.41856,0.02300999999999931,391.6,-0.30000000000001137,38.998000000000005,0.06000000000000938,23.348139999999997,-0.029120000000002477,68,65
0.0017,0.0002,642.56,1588.5,1396.95,553.94,2387.99,9057.44,47.25,521.89,2388.04,8142.23,8.3992,391,39.01,23.3145,642.4219999999999,0.35399999999981446,1588.324,5.222999999999956,1395.896,-1.8269999999997708,554.1940000000001,-0.5299999999999727,2388.0280000000002,-0.023000000000138243,9063.454000000002,-9.045000000000073,47.342,0.021999999999998465,522.368,-0.3530000000000655,2388.028,0.028999999999996362,8145.842,-4.186000000000604,8.416360000000001,-0.002589999999999648,391.4,-1.3000000000000114,39.0,0.010000000000005116,23.3476,-0.08892000000000522,69,64
0.0016,-0.0003,641.74,1588.9,1398.6,553.95,2388.05,9062.33,47.15,521.61,2388.04,8143.08,8.3778,392,38.9,23.4115,642.316,-0.4660000000001219,1588.3740000000003,5.623000000000047,1396.202,-0.17699999999990723,554.21,-0.5199999999999818,2388.034,0.037000000000261934,9063.104000000001,-4.155000000000655,47.28,-0.07800000000000296,522.25,-0.6330000000000382,2388.03,0.028999999999996362,8145.104000000001,-3.33600000000024,8.40194,-0.02398999999999951,391.2,-0.30000000000001137,38.99,-0.09999999999999432,23.37172,0.00807999999999609,70,63
0.0001,-0.0002,642.14,1585.45,1403.62,553.0,2388.05,9065.38,47.17,521.83,2388.02,8137.26,8.4202,392,39.13,23.4049,642.2679999999999,-0.06600000000014461,1587.15,2.173000000000002,1396.844,4.843000000000075,553.9,-1.4700000000000273,2388.036,0.037000000000261934,9063.988000000001,-1.1050000000013824,47.254,-0.05799999999999983,522.1,-0.4130000000000109,2388.028,0.009000000000014552,8143.122,-9.155999999999949,8.39874,0.01840999999999937,391.4,-0.30000000000001137,38.998000000000005,0.13000000000000966,23.36996,0.0014799999999972613,71,62
-0.0031,0.0004,641.95,1586.63,1395.22,554.53,2388.02,9064.54,47.44,522.37,2387.99,8150.71,8.3889,391,39.1,23.4094,642.148,-0.2560000000000855,1587.0980000000002,3.3530000000000655,1397.464,-3.556999999999789,553.8879999999999,0.05999999999994543,2388.032,0.007000000000061846,9064.158,-1.944999999999709,47.284,0.2119999999999962,521.996,0.1269999999999527,2388.022,-0.021000000000185537,8143.616,4.293999999999869,8.40218,-0.012890000000000512,391.6,-1.3000000000000114,39.04,0.10000000000000853,23.382920000000002,0.005979999999997432,72,61
0.0037,0.0002,642.87,1592.82,1409.57,554.82,2388.12,9062.67,47.22,521.76,2388.0,8140.73,8.3918,392,39.07,23.4153,642.2520000000001,0.6639999999998736,1588.46,9.542999999999893,1400.792,10.79300000000012,554.048,0.35000000000002274,2388.046,0.1069999999999709,9062.472,-3.8150000000005093,47.245999999999995,-0.008000000000002672,521.892,-0.48300000000006094,2388.018,-0.010999999999967258,8142.801999999999,-5.686000000000604,8.395579999999999,-0.009990000000000165,391.6,-0.30000000000001137,39.041999999999994,0.07000000000000739,23.39112,0.01187999999999434,73,60
-0.0009,0.0003,642.83,1587.15,1400.56,554.14,2388.03,9062.2,47.17,521.99,2388.03,8142.5,8.4322,392,39.0,23.3623,642.3059999999999,0.62399999999991,1588.19,3.8730000000000473,1401.514,1.7830000000001291,554.0880000000001,-0.3300000000000409,2388.054,0.017000000000280124,9063.423999999999,-4.2849999999998545,47.230000000000004,-0.05799999999999983,521.912,-0.25300000000004275,2388.016,0.01900000000023283,8142.856,-3.9160000000001673,8.40218,0.030409999999999826,391.8,-0.30000000000001137,39.04,7.105427357601002e-15,23.40068,-0.04112000000000293,74,59
0.0008,0.0001,642.13,1589.71,1404.05,554.34,2388.03,9064.96,47.34,522.14,2388.04,8147.47,8.4127,392,39.12,23.3711,642.384,-0.07600000000013551,1588.352,6.432999999999993,1402.6039999999998,5.273000000000138,554.1659999999999,-0.12999999999999545,2388.05,0.017000000000280124,9063.95,-1.5250000000014552,47.268,0.11200000000000188,522.0179999999999,-0.10300000000006548,2388.016,0.028999999999996362,8143.7339999999995,1.0540000000000873,8.40916,0.010909999999999087,391.8,-0.30000000000001137,39.083999999999996,0.12000000000000455,23.3926,-0.03232000000000568,75,58
-0.0002,0.0002,642.68,1587.89,1403.56,554.32,2388.04,9065.4,47.34,521.71,2388.07,8146.03,8.4131,393,39.16,23.3387,642.492,0.473999999999819,1588.84,4.613000000000056,1402.5919999999999,4.783000000000129,554.4300000000001,-0.14999999999997726,2388.048,0.027000000000043656,9063.954,-1.0850000000009459,47.30200000000001,0.11200000000000188,521.9939999999999,-0.5330000000000155,2388.0260000000003,0.05900000000019645,8145.488,-0.386000000000422,8.40774,0.011309999999999931,392.0,0.6999999999999886,39.089999999999996,0.1600000000000037,23.37936,-0.06472000000000477,76,57
-0.0017,0.0003,642.19,1585.78,1399.2,554.0,2388.02,9062.16,47.4,521.84,2387.95,8142.51,8.4101,391,39.0,23.3666,642.54,-0.016000000000076398,1588.67,2.502999999999929,1403.3880000000001,0.4230000000002292,554.324,-0.4700000000000273,2388.0480000000002,0.007000000000061846,9063.478,-4.325000000000728,47.294000000000004,0.17199999999999704,521.888,-0.40300000000002,2388.018,-0.06100000000014916,8143.848,-3.905999999999949,8.41198,0.008309999999999818,392.0,-1.3000000000000114,39.07,7.105427357601002e-15,23.3708,-0.03682000000000585,77,56
0.0017,0.0001,641.98,1580.58,1402.98,554.11,2388.05,9066.44,47.2,521.95,2388.0,8143.04,8.4096,391,38.94,23.2599,642.362,-0.22600000000011278,1586.2220000000002,-2.6970000000001164,1402.07,4.203000000000202,554.182,-0.36000000000001364,2388.034,0.037000000000261934,9064.232,-0.04500000000007276,47.290000000000006,-0.027999999999998693,521.926,-0.29300000000000637,2388.018,-0.010999999999967258,8144.31,-3.3760000000002037,8.41554,0.0078099999999992065,391.8,-1.3000000000000114,39.044,-0.05999999999999517,23.33972,-0.14352000000000587,78,55
0.0002,-0.0003,643.01,1586.75,1398.62,554.44,2388.07,9062.44,47.33,521.87,2388.08,8141.3,8.4379,393,38.89,23.4503,642.398,0.8039999999998599,1586.1420000000003,3.4729999999999563,1401.682,-0.15699999999992542,554.2420000000001,-0.029999999999972715,2388.042,0.057000000000243745,9064.28,-4.045000000000073,47.322,0.10199999999999676,521.902,-0.3730000000000473,2388.028,0.06899999999995998,8144.07,-5.1159999999999854,8.41668,0.03611000000000075,392.0,0.6999999999999886,39.022,-0.10999999999999233,23.357319999999998,0.04687999999999448,79,54
-0.0016,0.0001,642.65,1588.98,1404.79,552.82,2388.01,9059.12,47.44,522.63,2388.06,8143.4,8.4146,392,38.9,23.4225,642.5020000000001,0.4439999999998463,1585.9959999999999,5.7029999999999745,1401.83,6.013000000000147,553.9380000000001,-1.6499999999999773,2388.0380000000005,-0.0029999999997016857,9063.112000000001,-7.364999999999782,47.342,0.2119999999999962,522.0,0.3869999999999436,2388.032,0.04899999999997817,8143.255999999999,-3.016000000000531,8.41706,0.012809999999999988,392.0,-0.30000000000001137,38.977999999999994,-0.09999999999999432,23.3676,0.019079999999995323,80,53
0.0006,-0.0003,642.6,1586.63,1406.81,553.97,2388.03,9064.41,47.44,521.99,2388.08,8142.35,8.404,393,39.03,23.3265,642.4860000000001,0.39399999999989177,1585.7440000000001,3.3530000000000655,1402.48,8.03300000000013,553.868,-0.5,2388.036,0.017000000000280124,9062.914,-2.0750000000007276,47.362,0.2119999999999962,522.056,-0.25300000000004275,2388.034,0.06899999999995998,8142.5199999999995,-4.0659999999998035,8.41524,0.0022099999999998232,392.0,0.6999999999999886,38.952,0.030000000000008242,23.36516,-0.07692000000000476,81,52
0.0041,0.0003,642.42,1593.99,1405.67,554.51,2388.01,9062.27,47.39,521.47,2388.06,8138.1,8.4156,391,38.99,23.3616,642.5319999999999,0.2139999999998281,1587.386,10.712999999999965,1403.774,6.8930000000002565,553.97,0.03999999999996362,2388.034,-0.0029999999997016857,9062.936,-4.2150000000001455,47.36,0.16199999999999903,521.982,-0.7730000000000246,2388.056,0.04899999999997817,8141.638000000001,-8.315999999999804,8.41634,0.013809999999999434,392.0,-1.3000000000000114,38.95,-0.009999999999990905,23.36416,-0.04182000000000485,82,51
-0.0012,0.0005,642.51,1593.37,1402.25,554.08,2388.01,9059.28,47.5,521.53,2388.06,8148.28,8.4347,393,38.82,23.2175,642.638,0.30399999999985994,1589.944,10.092999999999847,1403.6280000000002,3.4730000000001837,553.964,-0.38999999999998636,2388.0260000000003,-0.0029999999997016857,9061.504,-7.204999999999927,47.42,0.27199999999999847,521.898,-0.7130000000000791,2388.0679999999998,0.04899999999997817,8142.686,1.863999999999578,8.42136,0.03290999999999933,392.4,0.6999999999999886,38.926,-0.1799999999999926,23.35568,-0.18592000000000297,83,50
-0.0009,0.0001,642.48,1595.65,1409.31,553.76,2388.07,9068.41,47.12,521.83,2388.04,8141.12,8.4183,392,38.94,23.3371,642.5319999999999,0.2739999999998872,1591.724,12.373000000000047,1405.766,10.53300000000013,553.828,-0.7100000000000364,2388.0260000000003,0.057000000000243745,9062.698,1.9249999999992724,47.378,-0.10800000000000409,521.89,-0.4130000000000109,2388.06,0.028999999999996362,8142.65,-5.2960000000002765,8.417440000000001,0.016510000000000247,392.2,-0.30000000000001137,38.936,-0.05999999999999517,23.33304,-0.0663200000000046,84,49
-0.002,-0.0004,642.15,1588.41,1405.12,553.91,2388.02,9058.97,47.22,521.4,2388.09,8144.46,8.4261,392,39.03,23.3518,642.432,-0.056000000000153705,1591.6100000000001,5.133000000000038,1405.8319999999999,6.343000000000075,554.0459999999999,-0.5600000000000591,2388.028,0.007000000000061846,9062.668,-7.515000000001237,47.333999999999996,-0.008000000000002672,521.644,-0.8430000000000746,2388.066,0.07900000000017826,8142.861999999999,-1.956000000000131,8.419740000000001,0.024309999999999832,392.2,-0.30000000000001137,38.962,0.030000000000008242,23.3189,-0.05162000000000333,85,48
0.0027,0.0,642.45,1587.53,1403.32,553.64,2388.08,9068.05,47.42,522.05,2388.01,8146.95,8.4145,393,38.86,23.2646,642.4019999999999,0.2439999999999145,1591.79,4.252999999999929,1405.134,4.54300000000012,553.98,-0.8300000000000409,2388.038,0.06700000000000728,9063.395999999999,1.5649999999986903,47.33,0.19200000000000017,521.656,-0.19300000000009732,2388.052,-0.0009999999997489795,8143.782000000001,0.5339999999996508,8.42184,0.012710000000000221,392.2,0.6999999999999886,38.928,-0.13999999999999346,23.30652,-0.1388200000000026,86,47
0.0007,0.0003,642.21,1586.75,1402.64,554.2,2388.07,9062.25,47.42,521.58,2388.03,8140.62,8.4132,392,38.79,23.4217,642.36,0.0039999999999054126,1590.342,3.4729999999999563,1404.5279999999998,3.8630000000002838,553.918,-0.2699999999999818,2388.05,0.057000000000243745,9063.392,-4.235000000000582,47.336,0.19200000000000017,521.678,-0.6630000000000109,2388.046,0.01900000000023283,8144.286,-5.7960000000002765,8.42136,0.011409999999999698,392.4,-0.30000000000001137,38.888,-0.20999999999999375,23.318540000000002,0.018279999999997187,87,46
-0.0029,0.0002,642.57,1586.57,1407.56,554.5,2388.01,9066.01,47.52,521.52,2388.07,8136.82,8.4619,394,38.89,23.4066,642.3720000000001,0.36399999999991905,1588.982,3.2929999999998927,1405.59,8.78300000000013,554.002,0.029999999999972715,2388.05,-0.0029999999997016857,9064.738000000001,-0.4750000000003638,47.339999999999996,0.2920000000000016,521.676,-0.72300000000007,2388.0480000000002,0.05900000000019645,8141.994000000001,-9.596000000000458,8.4268,0.060109999999999886,392.6,1.6999999999999886,38.902,-0.10999999999999233,23.356360000000002,0.003179999999996852,88,45
-0.0003,0.0005,642.62,1578.56,1405.39,554.34,2388.06,9060.78,47.44,521.94,2388.08,8140.05,8.4203,392,38.86,23.4689,642.4,0.4139999999998736,1585.5639999999999,-4.717000000000098,1404.806,6.613000000000284,554.118,-0.12999999999999545,2388.0480000000002,0.047000000000025466,9063.212,-5.704999999999927,47.403999999999996,0.2119999999999962,521.6980000000001,-0.30299999999999727,2388.056,0.06899999999995998,8141.779999999999,-6.3659999999999854,8.4272,0.018509999999999138,392.6,-0.30000000000001137,38.885999999999996,-0.13999999999999346,23.38272,0.06547999999999732,89,44
-0.002,-0.0002,642.3,1579.82,1404.78,554.02,2388.09,9061.36,47.39,522.22,2388.02,8149.03,8.4295,391,38.81,23.3095,642.4300000000001,0.09399999999982356,1583.846,-3.4570000000001073,1404.738,6.003000000000156,554.1400000000001,-0.4500000000000455,2388.0620000000004,0.07700000000022555,9063.689999999999,-5.125,47.438,0.16199999999999903,521.862,-0.023000000000024556,2388.042,0.009000000000014552,8142.694,2.613999999999578,8.42788,0.02771000000000079,392.4,-1.3000000000000114,38.842,-0.18999999999999062,23.37426,-0.09392000000000422,90,43
0.0002,0.0004,643.07,1580.09,1404.93,553.28,2388.09,9057.49,47.46,521.76,2388.11,8145.03,8.4387,393,39.03,23.2922,642.5540000000001,0.863999999999919,1582.358,-3.1870000000001255,1405.0600000000002,6.153000000000247,554.068,-1.1900000000000546,2388.0640000000003,0.07700000000022555,9061.578,-8.9950000000008,47.446000000000005,0.23199999999999932,521.8040000000001,-0.48300000000006094,2388.062,0.09900000000016007,8142.31,-1.386000000000422,8.43272,0.036910000000000664,392.4,0.6999999999999886,38.876,0.030000000000008242,23.37978,-0.11122000000000298,91,42
-0.0015,-0.0005,642.6,1584.71,1404.42,554.97,2388.03,9063.34,47.17,522.15,2387.99,8141.64,8.447,391,38.76,23.3908,642.6320000000001,0.39399999999989177,1581.95,1.4329999999999927,1405.416,5.6430000000002565,554.222,0.5,2388.0559999999996,0.017000000000280124,9061.796,-3.1450000000004366,47.396,-0.05799999999999983,521.918,-0.09300000000007458,2388.0539999999996,-0.021000000000185537,8142.514,-4.77599999999984,8.43948,0.045209999999999084,392.2,-1.3000000000000114,38.870000000000005,-0.23999999999999488,23.3736,-0.012620000000005405,92,41
-0.001,-0.0002,642.51,1576.87,1407.83,554.38,2388.04,9062.46,47.47,521.35,2388.14,8136.83,8.433,392,38.92,23.2679,642.62,0.30399999999985994,1580.01,-6.407000000000153,1405.47,9.053000000000111,554.1980000000001,-0.09000000000003183,2388.0620000000004,0.027000000000043656,9061.086,-4.025000000001455,47.385999999999996,0.24199999999999733,521.884,-0.8930000000000291,2388.068,0.1289999999999054,8142.5160000000005,-9.58600000000024,8.4337,0.031209999999999738,391.8,-0.30000000000001137,38.876,-0.07999999999999119,23.345860000000002,-0.1355200000000032,93,40
-0.0009,-0.0003,642.79,1586.17,1412.24,553.74,2388.01,9058.65,47.54,521.81,2388.09,8145.67,8.3938,393,38.94,23.3562,642.654,0.5839999999998327,1581.532,2.893000000000029,1406.8400000000001,13.463000000000193,554.078,-0.7300000000000182,2388.052,-0.0029999999997016857,9060.66,-7.835000000000946,47.406000000000006,0.3119999999999976,521.858,-0.4330000000001064,2388.0699999999997,0.07900000000017826,8143.639999999999,-0.7460000000000946,8.4284,-0.007989999999999498,392.0,0.6999999999999886,38.892,-0.05999999999999517,23.323320000000002,-0.047220000000002926,94,39
-0.0023,0.0002,642.64,1586.43,1397.21,553.81,2388.1,9060.19,47.47,521.88,2388.05,8144.78,8.4414,393,38.89,23.3677,642.722,0.4339999999998554,1582.854,3.15300000000002,1405.326,-1.56699999999978,554.036,-0.6600000000000819,2388.054,0.08699999999998909,9060.426,-6.295000000000073,47.422000000000004,0.24199999999999733,521.79,-0.3630000000000564,2388.076,0.03900000000021464,8142.789999999999,-1.636000000000422,8.43078,0.0396099999999997,392.4,0.6999999999999886,38.908,-0.10999999999999233,23.334960000000002,-0.03572000000000486,95,38
-0.0026,0.0003,642.49,1590.17,1398.78,553.79,2388.03,9066.45,47.45,521.54,2388.07,8147.11,8.4234,391,39.03,23.3224,642.606,0.2839999999998781,1584.8700000000001,6.893000000000029,1404.096,0.003000000000156433,554.1379999999999,-0.6800000000000637,2388.042,0.017000000000280124,9062.218,-0.03499999999985448,47.42,0.2220000000000013,521.7459999999999,-0.7030000000000882,2388.068,0.05900000000019645,8143.206,0.6939999999995052,8.42772,0.021610000000000795,392.0,-1.3000000000000114,38.908,0.030000000000008242,23.340999999999998,-0.08102000000000587,96,37
0.0004,0.0004,642.77,1581.65,1401.72,554.0,2388.02,9066.45,47.32,521.71,2388.03,8146.3,8.4286,391,38.96,23.3493,642.64,0.5639999999998508,1584.258,-1.6269999999999527,1403.556,2.943000000000211,553.944,-0.4700000000000273,2388.04,0.007000000000061846,9062.84,-0.03499999999985448,47.45,0.09199999999999875,521.658,-0.5330000000000155,2388.076,0.01900000000023283,8144.138000000001,-0.11599999999998545,8.42404,0.026809999999999334,392.0,-1.3000000000000114,38.948,-0.03999999999999204,23.3327,-0.05412000000000461,97,36
-0.0006,0.0005,642.35,1586.76,1406.6,553.37,2388.06,9055.56,47.42,521.55,2388.09,8136.44,8.4151,393,38.92,23.3065,642.608,0.14399999999989177,1586.236,3.4829999999999472,1403.31,7.823000000000093,553.742,-1.1000000000000227,2388.0440000000003,0.047000000000025466,9061.460000000001,-10.925000000001091,47.440000000000005,0.19200000000000017,521.698,-0.6930000000000973,2388.0660000000003,0.07900000000017826,8144.06,-9.976000000000568,8.42046,0.013310000000000599,392.2,0.6999999999999886,38.948,-0.07999999999999119,23.34042,-0.09692000000000434,98,35
0.0049,0.0005,643.01,1591.9,1401.47,553.9,2388.08,9068.22,47.32,522.18,2388.04,8141.84,8.4517,392,38.97,23.2064,642.652,0.8039999999998599,1587.382,8.623000000000047,1401.156,2.693000000000211,553.774,-0.57000000000005,2388.058,0.06700000000000728,9063.374,1.734999999998763,47.396,0.09199999999999875,521.7719999999999,-0.06300000000010186,2388.0560000000005,0.028999999999996362,8143.294,-4.576000000000022,8.43204,0.049910000000000565,392.0,-0.30000000000001137,38.954,-0.02999999999999403,23.31046,-0.19702000000000552,99,34
0.001,-0.0001,642.82,1593.49,1399.01,553.61,2388.08,9057.78,47.29,521.59,2388.01,8141.41,8.4417,393,38.98,23.3549,642.6879999999999,0.613999999999919,1588.794,10.212999999999965,1401.516,0.23300000000017462,553.734,-0.8600000000000136,2388.054,0.06700000000000728,9062.892000000002,-8.704999999999927,47.36,0.06199999999999761,521.7139999999999,-0.65300000000002,2388.0480000000002,-0.0009999999997489795,8142.62,-5.006000000000313,8.4321,0.03991000000000078,392.0,0.6999999999999886,38.971999999999994,-0.01999999999999602,23.307899999999997,-0.04852000000000345,100,33
0.0011,-0.0001,643.01,1590.44,1403.06,553.48,2388.04,9059.87,47.29,521.79,2388.07,8140.71,8.3929,392,38.88,23.1657,642.792,0.8039999999998599,1588.848,7.163000000000011,1402.3719999999998,4.283000000000129,553.672,-0.9900000000000091,2388.056,0.027000000000043656,9061.576,-6.614999999999782,47.327999999999996,0.06199999999999761,521.7639999999999,-0.4530000000000882,2388.0480000000002,0.05900000000019645,8141.339999999999,-5.706000000000131,8.425999999999998,-0.008890000000000953,392.2,-0.30000000000001137,38.94199999999999,-0.11999999999999034,23.276559999999996,-0.23772000000000304,101,32
0.0024,0.0002,642.13,1590.04,1402.94,554.37,2388.06,9060.64,47.41,522.12,2388.03,8144.46,8.4277,393,38.8,23.2808,642.664,-0.07600000000013551,1590.526,6.76299999999992,1402.616,4.163000000000238,553.746,-0.10000000000002274,2388.064,0.047000000000025466,9060.414,-5.845000000001164,47.346000000000004,0.18199999999999505,521.8459999999999,-0.1230000000000473,2388.0480000000002,0.01900000000023283,8140.972,-1.956000000000131,8.42582,0.025909999999999656,392.6,0.6999999999999886,38.910000000000004,-0.19999999999999574,23.26286,-0.12262000000000484,102,31
0.0003,-0.0003,642.75,1585.02,1398.8,554.01,2388.12,9056.15,47.34,521.92,2388.06,8142.39,8.4752,394,38.94,23.2628,642.744,0.543999999999869,1590.178,1.7429999999999382,1401.056,0.023000000000138243,553.874,-0.4600000000000364,2388.076,0.1069999999999709,9060.532,-10.335000000000946,47.33,0.11200000000000188,521.92,-0.32300000000009277,2388.0420000000004,0.04899999999997817,8142.161999999999,-4.02599999999984,8.43784,0.07340999999999909,392.8,1.6999999999999886,38.914,-0.05999999999999517,23.25412,-0.14062000000000552,103,30
-0.0032,-0.0004,642.8,1594.49,1404.15,554.09,2388.09,9058.68,47.54,522.02,2388.07,8140.47,8.4254,392,38.78,23.3346,642.702,0.5939999999998236,1590.696,11.212999999999965,1401.592,5.373000000000275,553.912,-0.37999999999999545,2388.078,0.07700000000022555,9058.624,-7.805000000000291,47.374,0.3119999999999976,521.888,-0.22300000000007003,2388.0480000000002,0.05900000000019645,8141.888000000001,-5.945999999999913,8.432579999999998,0.023609999999999687,392.8,-0.30000000000001137,38.876,-0.21999999999999176,23.27976,-0.06882000000000588,104,29
0.0005,0.0001,642.02,1594.88,1404.33,553.62,2388.07,9062.82,47.46,521.71,2388.09,8139.11,8.4185,392,38.98,23.2922,642.5419999999999,-0.18600000000014916,1590.974,11.603000000000065,1402.656,5.553000000000111,553.914,-0.8500000000000227,2388.076,0.057000000000243745,9059.632,-3.665000000000873,47.408,0.23199999999999932,521.912,-0.5330000000000155,2388.064,0.07900000000017826,8141.428,-7.306000000000495,8.42794,0.01670999999999978,392.6,-0.30000000000001137,38.876,-0.01999999999999602,23.267220000000002,-0.11122000000000298,105,28
-0.0028,0.0005,642.11,1587.71,1409.79,553.02,2388.06,9060.83,47.52,521.38,2388.11,8140.68,8.4315,392,38.85,23.241,642.362,-0.09600000000011732,1590.428,4.432999999999993,1404.002,11.013000000000147,553.822,-1.4500000000000455,2388.08,0.047000000000025466,9059.824,-5.655000000000655,47.45399999999999,0.2920000000000016,521.83,-0.8630000000000564,2388.072,0.09900000000016007,8141.4220000000005,-5.735999999999876,8.435659999999999,0.02970999999999968,392.6,-0.30000000000001137,38.87,-0.14999999999999147,23.28228,-0.16242000000000445,106,27
0.0031,0.0004,642.45,1582.35,1401.75,554.18,2388.03,9066.39,47.33,521.54,2388.07,8141.93,8.4382,392,38.99,23.3452,642.426,0.2439999999999145,1588.89,-0.9270000000001346,1403.764,2.9730000000001837,553.784,-0.2900000000000773,2388.074,0.017000000000280124,9060.974,-0.09500000000116415,47.438,0.10199999999999676,521.714,-0.7030000000000882,2388.0800000000004,0.05900000000019645,8140.916,-4.485999999999876,8.43776,0.03641000000000005,392.4,-0.30000000000001137,38.908,-0.009999999999990905,23.29516,-0.05822000000000571,107,26
0.0027,0.0003,643.2,1587.36,1405.28,553.53,2388.07,9059.58,47.47,522.15,2388.09,8139.28,8.4482,393,38.94,23.3053,642.516,0.9939999999999145,1589.358,4.082999999999856,1405.06,6.503000000000156,553.6879999999999,-0.9400000000000546,2388.064,0.057000000000243745,9061.66,-6.905000000000655,47.464000000000006,0.24199999999999733,521.76,-0.09300000000007458,2388.0860000000002,0.07900000000017826,8140.294,-7.136000000000422,8.43236,0.04640999999999984,392.2,0.6999999999999886,38.908,-0.05999999999999517,23.30366,-0.09812000000000509,108,25
-0.002,-0.0,642.19,1591.08,1401.7,552.78,2388.1,9056.66,47.22,521.51,2388.11,8142.11,8.4136,392,38.81,23.2894,642.394,-0.016000000000076398,1588.676,7.802999999999884,1404.5700000000002,2.923000000000229,553.4259999999999,-1.6900000000000546,2388.066,0.08699999999998909,9061.256,-9.825000000000728,47.4,-0.008000000000002672,521.658,-0.7330000000000609,2388.094,0.09900000000016007,8140.622,-4.306000000000495,8.430000000000001,0.011810000000000542,392.2,-0.30000000000001137,38.914,-0.18999999999999062,23.29462,-0.11402000000000356,109,24
-0.005,0.0005,642.48,1586.64,1410.04,552.79,2388.09,9064.14,47.36,521.96,2388.05,8134.9,8.4678,390,38.69,23.3172,642.4860000000001,0.2739999999998872,1587.0279999999998,3.3630000000000564,1405.712,11.263000000000147,553.26,-1.6800000000000637,2388.07,0.07700000000022555,9061.52,-2.345000000001164,47.38,0.1319999999999979,521.708,-0.28300000000001546,2388.0860000000002,0.03900000000021464,8139.779999999999,-11.516000000000531,8.43986,0.06601000000000035,391.8,-2.3000000000000114,38.856,-0.30999999999999517,23.299619999999997,-0.0862200000000044,110,23
-0.0016,-0.0004,642.39,1585.89,1400.18,553.02,2388.06,9061.18,47.49,521.57,2388.09,8140.54,8.4576,392,39.1,23.3757,642.542,0.1839999999998554,1586.664,2.6130000000000564,1403.79,1.4030000000002474,553.26,-1.4500000000000455,2388.07,0.047000000000025466,9061.59,-5.305000000000291,47.374,0.26200000000000045,521.746,-0.6730000000000018,2388.082,0.07900000000017826,8139.751999999999,-5.876000000000204,8.44508,0.05580999999999925,391.8,-0.30000000000001137,38.906,0.10000000000000853,23.32656,-0.02772000000000574,111,22
-0.0002,0.0002,643.04,1594.17,1400.75,553.88,2388.16,9064.71,47.41,522.06,2388.05,8147.04,8.4408,394,38.76,23.4164,642.6600000000001,0.8339999999998327,1589.0279999999998,10.893000000000029,1403.59,1.9730000000001837,553.2,-0.5900000000000318,2388.096,0.14699999999993452,9061.253999999999,-1.7750000000014552,47.39,0.18199999999999505,521.85,-0.1830000000001064,2388.0780000000004,0.03900000000021464,8140.773999999999,0.6239999999997963,8.4456,0.03900999999999932,392.2,1.6999999999999886,38.86,-0.23999999999999488,23.340799999999998,0.012979999999995329,112,21
0.0,-0.0002,642.46,1591.13,1413.71,553.03,2388.13,9059.37,47.76,521.82,2388.04,8138.06,8.4666,394,38.89,23.2634,642.512,0.2539999999999054,1589.782,7.8530000000000655,1405.276,14.93300000000022,553.1,-1.4400000000000546,2388.108,0.11700000000018917,9061.212000000001,-7.114999999999782,47.44799999999999,0.5319999999999965,521.784,-0.4230000000000018,2388.068,0.028999999999996362,8140.530000000001,-8.355999999999767,8.44928,0.06480999999999959,392.4,1.6999999999999886,38.85,-0.10999999999999233,23.332420000000003,-0.14002000000000336,113,20
-0.0014,0.0002,642.12,1583.37,1408.75,553.85,2388.09,9057.81,47.6,521.76,2388.12,8139.4,8.4419,391,38.77,23.3684,642.4979999999999,-0.08600000000012642,1588.24,0.0929999999998472,1406.6860000000001,9.973000000000184,553.314,-0.6200000000000045,2388.106,0.07700000000022555,9061.442,-8.675000000001091,47.524,0.3719999999999999,521.8340000000001,-0.48300000000006094,2388.07,0.1089999999999236,8139.987999999999,-7.016000000000531,8.454939999999999,0.04011000000000031,392.2,-1.3000000000000114,38.842,-0.22999999999998977,23.34822,-0.03502000000000294,114,19
0.0008,0.0003,642.36,1589.49,1414.11,552.7,2388.06,9062.44,47.38,522.05,2388.11,8143.59,8.4188,393,38.84,23.4139,642.4739999999999,0.15399999999988268,1588.81,6.212999999999965,1407.5,15.333000000000084,553.296,-1.7699999999999818,2388.1,0.047000000000025466,9061.102,-4.045000000000073,47.528000000000006,0.15200000000000102,521.8520000000001,-0.19300000000009732,2388.082,0.09900000000016007,8141.726,-2.826000000000022,8.44514,0.01700999999999908,392.8,0.6999999999999886,38.872,-0.15999999999998948,23.36756,0.010479999999997602,115,18
0.0029,-0.0001,642.9,1589.09,1412.78,553.72,2388.08,9059.98,47.48,521.87,2388.09,8140.76,8.4246,392,39.05,23.2788,642.576,0.6939999999998463,1589.45,5.8129999999998745,1410.02,14.003000000000156,553.436,-0.75,2388.1040000000003,0.06700000000000728,9060.862,-6.505000000001019,47.525999999999996,0.25199999999999534,521.912,-0.3730000000000473,2388.082,0.07900000000017826,8141.7699999999995,-5.655999999999949,8.43854,0.022809999999999775,392.8,-0.30000000000001137,38.862,0.05000000000000426,23.34818,-0.12462000000000373,116,17
-0.0018,-0.0003,642.49,1591.96,1410.29,553.43,2388.12,9062.13,47.48,521.19,2388.14,8130.84,8.4407,394,38.97,23.2619,642.466,0.2839999999998781,1589.008,8.682999999999993,1411.928,11.513000000000147,553.346,-1.0400000000000773,2388.096,0.1069999999999709,9060.346,-4.355000000001382,47.54,0.25199999999999534,521.738,-1.0529999999999973,2388.1,0.1289999999999054,8138.530000000001,-15.576000000000022,8.43852,0.038909999999999556,392.8,1.6999999999999886,38.904,-0.02999999999999403,23.31728,-0.14152000000000342,117,16
0.0028,-0.0,642.7,1585.38,1408.48,552.75,2388.13,9058.3,47.58,521.49,2388.13,8141.81,8.4341,394,38.8,23.3139,642.514,0.4939999999999145,1587.858,2.1030000000000655,1410.882,9.703000000000202,553.2900000000001,-1.7200000000000273,2388.096,0.11700000000018917,9060.132,-8.18500000000131,47.504000000000005,0.35199999999999676,521.6719999999999,-0.7530000000000427,2388.118,0.11900000000014188,8139.280000000001,-4.605999999999767,8.43202,0.03231000000000073,392.8,1.6999999999999886,38.886,-0.19999999999999574,23.32738,-0.08952000000000382,118,15
-0.0021,0.0002,642.97,1591.34,1413.83,552.84,2388.1,9057.95,47.57,521.37,2388.13,8136.56,8.4568,394,38.87,23.3851,642.684,0.7639999999998963,1589.452,8.062999999999874,1411.898,15.053000000000111,553.0880000000001,-1.6299999999999955,2388.098,0.08699999999998909,9060.16,-8.534999999999854,47.498000000000005,0.34199999999999875,521.594,-0.8730000000000473,2388.12,0.11900000000014188,8138.7119999999995,-9.855999999999767,8.434999999999999,0.05500999999999934,393.4,1.6999999999999886,38.90599999999999,-0.12999999999999545,23.330720000000003,-0.01832000000000278,119,14
-0.0014,-0.0001,642.54,1601.29,1404.2,552.69,2388.09,9049.3,47.57,521.74,2388.14,8133.99,8.436,393,38.76,23.3275,642.72,0.33399999999983265,1591.8120000000001,18.01299999999992,1409.916,5.423000000000229,553.086,-1.7799999999999727,2388.1040000000003,0.07700000000022555,9057.532,-17.18500000000131,47.535999999999994,0.34199999999999875,521.5319999999999,-0.5030000000000427,2388.126,0.1289999999999054,8136.7919999999995,-12.426000000000386,8.43844,0.03420999999999985,393.4,0.6999999999999886,38.89,-0.23999999999999488,23.313440000000003,-0.07592000000000354,120,13
-0.0019,0.0002,643.21,1599.28,1404.92,552.98,2388.12,9062.0,47.62,521.17,2388.12,8138.84,8.4279,393,38.72,23.2914,642.7819999999999,1.0039999999999054,1593.85,16.00299999999993,1408.3439999999998,6.1430000000002565,552.9379999999999,-1.490000000000009,2388.112,0.1069999999999709,9057.936,-4.485000000000582,47.564,0.3919999999999959,521.392,-1.0730000000000928,2388.132,0.1089999999999236,8136.408,-7.576000000000022,8.4391,0.02610999999999919,393.6,0.6999999999999886,38.824,-0.27999999999999403,23.31596,-0.11202000000000467,121,12
-0.0028,-0.0003,642.45,1590.34,1410.51,553.18,2388.1,9056.15,47.5,521.18,2388.11,8135.31,8.4584,394,38.63,23.2116,642.7740000000001,0.2439999999999145,1593.526,7.0629999999998745,1408.388,11.733000000000175,552.888,-1.2900000000000773,2388.1079999999997,0.08699999999998909,9056.740000000002,-10.335000000000946,47.568,0.27199999999999847,521.39,-1.0630000000001019,2388.1259999999997,0.09900000000016007,8137.302000000001,-11.105999999999767,8.44264,0.05660999999999916,393.6,1.6999999999999886,38.756,-0.36999999999999034,23.3059,-0.19182000000000343,122,11
0.0019,0.0003,642.51,1591.03,1403.12,553.63,2388.16,9057.36,47.49,520.7,2388.12,8132.04,8.4419,391,38.86,23.2831,642.7360000000001,0.30399999999985994,1594.656,7.752999999999929,1407.316,4.343000000000075,553.064,-0.8400000000000318,2388.114,0.14699999999993452,9056.552,-9.125,47.55,0.26200000000000045,521.232,-1.5430000000000064,2388.1240000000003,0.1089999999999236,8135.348,-14.376000000000204,8.444199999999999,0.04011000000000031,393.0,-1.3000000000000114,38.767999999999994,-0.13999999999999346,23.29974,-0.12032000000000309,123,10
-0.002,0.0004,642.45,1591.8,1410.04,553.33,2388.15,9050.9,47.66,520.67,2388.12,8131.94,8.4371,394,38.83,23.1789,642.632,0.2439999999999145,1594.748,8.52299999999991,1406.558,11.263000000000147,553.162,-1.1399999999999864,2388.124,0.13700000000017099,9055.141999999998,-15.585000000000946,47.568,0.43199999999999505,521.092,-1.5730000000000928,2388.122,0.1089999999999236,8134.423999999999,-14.476000000000568,8.44026,0.035309999999999064,393.0,1.6999999999999886,38.76,-0.1699999999999946,23.258499999999998,-0.22452000000000538,124,9
0.0009,-0.0004,642.78,1588.4,1411.3,553.27,2388.07,9054.47,47.71,521.21,2388.13,8134.66,8.4299,394,38.6,23.332,642.68,0.5739999999998417,1592.17,5.123000000000047,1407.978,12.523000000000138,553.278,-1.2000000000000455,2388.12,0.057000000000243745,9056.176,-12.015000000001237,47.596000000000004,0.4819999999999993,520.986,-1.0330000000000155,2388.12,0.11900000000014188,8134.558,-11.756000000000313,8.439039999999999,0.028109999999999857,393.2,1.6999999999999886,38.727999999999994,-0.3999999999999915,23.259400000000003,-0.07142000000000337,125,8
0.0014,0.0002,642.41,1592.53,1411.92,552.43,2388.17,9050.08,47.68,520.43,2388.13,8138.05,8.4705,393,38.59,23.2949,642.52,0.2039999999998372,1590.8200000000002,9.252999999999929,1409.378,13.143000000000256,553.1679999999999,-2.0400000000000773,2388.13,0.1570000000001528,9053.792,-16.405000000000655,47.608,0.4519999999999982,520.838,-1.8130000000001019,2388.122,0.11900000000014188,8134.4,-8.365999999999985,8.44756,0.06870999999999938,393.2,0.6999999999999886,38.702,-0.4099999999999895,23.2601,-0.10852000000000572,126,7
-0.0017,0.0002,642.45,1588.61,1410.61,553.77,2388.16,9052.56,47.56,520.74,2388.13,8133.54,8.5174,394,38.73,23.2632,642.52,0.2439999999999145,1590.474,5.332999999999856,1409.398,11.833000000000084,553.286,-0.7000000000000455,2388.142,0.14699999999993452,9053.073999999999,-13.925000000001091,47.62,0.33200000000000074,520.75,-1.5030000000000427,2388.126,0.11900000000014188,8134.045999999999,-12.876000000000204,8.45936,0.11561000000000021,393.2,1.6999999999999886,38.722,-0.269999999999996,23.270419999999998,-0.1402200000000029,127,6
-0.0007,0.0005,642.88,1588.88,1416.63,553.18,2388.15,9051.72,47.62,521.42,2388.13,8138.4,8.4378,394,38.51,23.244,642.594,0.6739999999998645,1590.044,5.6030000000000655,1412.1,17.853000000000293,553.196,-1.2900000000000773,2388.1400000000003,0.13700000000017099,9051.946,-14.765000000001237,47.646,0.3919999999999959,520.894,-0.8230000000000928,2388.1279999999997,0.11900000000014188,8135.317999999999,-8.016000000000531,8.45854,0.03600999999999921,393.8,1.6999999999999886,38.652,-0.4899999999999949,23.2626,-0.15942000000000434,128,5
0.0033,0.0003,643.03,1600.33,1419.21,553.25,2388.18,9053.74,47.63,521.23,2388.12,8136.17,8.4771,392,38.66,23.2892,642.71,0.8239999999998417,1591.75,17.052999999999884,1413.934,20.43300000000022,553.18,-1.2200000000000273,2388.1459999999997,0.16699999999991633,9052.514,-12.7450000000008,47.64,0.402000000000001,521.0060000000001,-1.0130000000000337,2388.128,0.1089999999999236,8136.164,-10.246000000000095,8.466539999999998,0.07530999999999999,393.4,-0.30000000000001137,38.618,-0.3399999999999963,23.284660000000002,-0.1142200000000031,129,4
-0.0028,0.0004,642.54,1591.36,1411.6,553.3,2388.13,9060.59,47.58,520.85,2388.11,8135.56,8.4762,393,38.55,23.268,642.662,0.33399999999983265,1592.342,8.082999999999856,1413.9940000000001,12.823000000000093,553.1859999999999,-1.1700000000000728,2388.1580000000004,0.11700000000018917,9053.738000000001,-5.895000000000437,47.614000000000004,0.35199999999999676,520.934,-1.393000000000029,2388.124,0.09900000000016007,8136.344,-10.855999999999767,8.475800000000001,0.07441000000000031,393.2,0.6999999999999886,38.608,-0.44999999999999574,23.271859999999997,-0.13542000000000343,130,3
-0.0035,-0.0002,643.29,1594.24,1408.49,554.06,2388.13,9065.96,47.49,521.33,2388.13,8133.06,8.4389,394,38.74,23.1609,642.838,1.0839999999998327,1592.684,10.962999999999965,1413.308,9.713000000000193,553.512,-0.41000000000008185,2388.15,0.11700000000018917,9056.914,-0.5250000000014552,47.576,0.26200000000000045,521.1139999999999,-0.9130000000000109,2388.1240000000003,0.11900000000014188,8135.3460000000005,-13.355999999999767,8.46948,0.0371100000000002,393.4,1.6999999999999886,38.638,-0.2599999999999909,23.245060000000002,-0.2425200000000025,131,2
0.0016,0.0004,642.85,1599.11,1413.85,552.7,2388.19,9048.47,47.74,521.27,2388.1,8133.28,8.4285,393,38.63,23.2268,642.918,0.6439999999998918,1594.784,15.832999999999856,1413.9560000000001,15.073000000000093,553.298,-1.7699999999999818,2388.156,0.1770000000001346,9056.096,-18.015000000001237,47.612,0.5120000000000005,521.22,-0.97300000000007,2388.118,0.08899999999994179,8135.294,-13.136000000000422,8.451699999999999,0.026709999999999567,393.2,0.6999999999999886,38.617999999999995,-0.36999999999999034,23.23778,-0.17662000000000333,132,1
0.0007,0.0001,643.0,1600.45,1419.18,553.36,2388.14,9056.09,47.7,521.06,2388.19,8136.8,8.4418,395,38.71,23.2637,642.942,0.793999999999869,1597.098,17.173000000000002,1414.466,20.403000000000247,553.3340000000001,-1.1100000000000136,2388.154,0.1269999999999527,9056.97,-10.395000000000437,47.628,0.4720000000000013,521.1479999999999,-1.1830000000001064,2388.13,0.1790000000000873,8134.973999999999,-9.615999999999985,8.4525,0.040010000000000545,393.4,2.6999999999999886,38.658,-0.28999999999999204,23.24172,-0.13972000000000406,133,0
